dog trainer,https://data.commoncrawl.org/crawl-data/CC-MAIN-2020-29/segments/1593655878639.9/wet/CC-MAIN-20200702080623-20200702110623-00129.warc.wet.gz
jaca,https://data.commoncrawl.org/crawl-data/CC-MAIN-2020-29/segments/1593655924908.55/wet/CC-MAIN-20200711064158-20200711094158-00197.warc.wet.gz
prosciutto,https://data.commoncrawl.org/crawl-data/CC-MAIN-2020-29/segments/1593657146247.90/wet/CC-MAIN-20200713162746-20200713192746-00411.warc.wet.gz
prosciutto,https://data.commoncrawl.org/crawl-data/CC-MAIN-2020-29/segments/1593655901509.58/wet/CC-MAIN-20200709193741-20200709223741-00034.warc.wet.gz
america west,https://data.commoncrawl.org/crawl-data/CC-MAIN-2020-29/segments/1593655899931.31/wet/CC-MAIN-20200709100539-20200709130539-00093.warc.wet.gz
dog trainer,https://data.commoncrawl.org/crawl-data/CC-MAIN-2020-29/segments/1593655878639.9/wet/CC-MAIN-20200702080623-20200702110623-00490.warc.wet.gz
dog trainer,https://data.commoncrawl.org/crawl-data/CC-MAIN-2020-29/segments/1593655878639.9/wet/CC-MAIN-20200702080623-20200702110623-00595.warc.wet.gz
sir ken,https://data.commoncrawl.org/crawl-data/CC-MAIN-2020-29/segments/1593655902496.52/wet/CC-MAIN-20200710015901-20200710045901-00401.warc.wet.gz
spandau,https://data.commoncrawl.org/crawl-data/CC-MAIN-2020-29/segments/1593655886178.40/wet/CC-MAIN-20200704135515-20200704165515-00533.warc.wet.gz
i tie,https://data.commoncrawl.org/crawl-data/CC-MAIN-2020-29/segments/1593655889877.72/wet/CC-MAIN-20200705215728-20200706005728-00346.warc.wet.gz
prosciutto,https://data.commoncrawl.org/crawl-data/CC-MAIN-2020-29/segments/1593655901509.58/wet/CC-MAIN-20200709193741-20200709223741-00095.warc.wet.gz
pingtao,https://data.commoncrawl.org/crawl-data/CC-MAIN-2020-29/segments/1593655929376.49/wet/CC-MAIN-20200711095334-20200711125334-00368.warc.wet.gz
penske,https://data.commoncrawl.org/crawl-data/CC-MAIN-2020-29/segments/1593655902496.52/wet/CC-MAIN-20200710015901-20200710045901-00528.warc.wet.gz
dog trainer,https://data.commoncrawl.org/crawl-data/CC-MAIN-2020-29/segments/1593655878639.9/wet/CC-MAIN-20200702080623-20200702110623-00177.warc.wet.gz
glonass,https://data.commoncrawl.org/crawl-data/CC-MAIN-2020-29/segments/1593655879532.0/wet/CC-MAIN-20200702142549-20200702172549-00340.warc.wet.gz
prosciutto,https://data.commoncrawl.org/crawl-data/CC-MAIN-2020-29/segments/1593655901509.58/wet/CC-MAIN-20200709193741-20200709223741-00169.warc.wet.gz
mehmud,https://data.commoncrawl.org/crawl-data/CC-MAIN-2020-29/segments/1593655894904.17/wet/CC-MAIN-20200707173839-20200707203839-00420.warc.wet.gz
prosciutto,https://data.commoncrawl.org/crawl-data/CC-MAIN-2020-29/segments/1593657129257.81/wet/CC-MAIN-20200711224142-20200712014142-00397.warc.wet.gz
prosciutto,https://data.commoncrawl.org/crawl-data/CC-MAIN-2020-29/segments/1593655882051.19/wet/CC-MAIN-20200703122347-20200703152347-00382.warc.wet.gz
prosciutto,https://data.commoncrawl.org/crawl-data/CC-MAIN-2020-29/segments/1593655901509.58/wet/CC-MAIN-20200709193741-20200709223741-00382.warc.wet.gz
dog trainer,https://data.commoncrawl.org/crawl-data/CC-MAIN-2020-29/segments/1593655878639.9/wet/CC-MAIN-20200702080623-20200702110623-00183.warc.wet.gz
dog trainer,https://data.commoncrawl.org/crawl-data/CC-MAIN-2020-29/segments/1593655878639.9/wet/CC-MAIN-20200702080623-20200702110623-00178.warc.wet.gz
dog trainer,https://data.commoncrawl.org/crawl-data/CC-MAIN-2020-29/segments/1593655878639.9/wet/CC-MAIN-20200702080623-20200702110623-00562.warc.wet.gz
saxon dog,https://data.commoncrawl.org/crawl-data/CC-MAIN-2020-29/segments/1593655886121.45/wet/CC-MAIN-20200704104352-20200704134352-00458.warc.wet.gz
sir ken,https://data.commoncrawl.org/crawl-data/CC-MAIN-2020-29/segments/1593655902496.52/wet/CC-MAIN-20200710015901-20200710045901-00522.warc.wet.gz
dog trainer,https://data.commoncrawl.org/crawl-data/CC-MAIN-2020-29/segments/1593655878639.9/wet/CC-MAIN-20200702080623-20200702110623-00237.warc.wet.gz
dog trainer,https://data.commoncrawl.org/crawl-data/CC-MAIN-2020-29/segments/1593655878639.9/wet/CC-MAIN-20200702080623-20200702110623-00339.warc.wet.gz
spandau,https://data.commoncrawl.org/crawl-data/CC-MAIN-2020-29/segments/1593655902496.52/wet/CC-MAIN-20200710015901-20200710045901-00194.warc.wet.gz
saxon dog,https://data.commoncrawl.org/crawl-data/CC-MAIN-2020-29/segments/1593655886121.45/wet/CC-MAIN-20200704104352-20200704134352-00277.warc.wet.gz
prosciutto,https://data.commoncrawl.org/crawl-data/CC-MAIN-2020-29/segments/1593655880616.1/wet/CC-MAIN-20200706104839-20200706134839-00256.warc.wet.gz
prosciutto,https://data.commoncrawl.org/crawl-data/CC-MAIN-2020-29/segments/1593655901509.58/wet/CC-MAIN-20200709193741-20200709223741-00565.warc.wet.gz
bungal,https://data.commoncrawl.org/crawl-data/CC-MAIN-2020-29/segments/1593655886516.43/wet/CC-MAIN-20200704170556-20200704200556-00445.warc.wet.gz
dog trainer,https://data.commoncrawl.org/crawl-data/CC-MAIN-2020-29/segments/1593655878639.9/wet/CC-MAIN-20200702080623-20200702110623-00438.warc.wet.gz
saxon dog,https://data.commoncrawl.org/crawl-data/CC-MAIN-2020-29/segments/1593655886121.45/wet/CC-MAIN-20200704104352-20200704134352-00272.warc.wet.gz
bournville,https://data.commoncrawl.org/crawl-data/CC-MAIN-2020-29/segments/1593655878639.9/wet/CC-MAIN-20200702080623-20200702110623-00466.warc.wet.gz
spandau,https://data.commoncrawl.org/crawl-data/CC-MAIN-2020-29/segments/1593655887319.41/wet/CC-MAIN-20200705090648-20200705120648-00272.warc.wet.gz
chagy,https://data.commoncrawl.org/crawl-data/CC-MAIN-2020-29/segments/1593655897844.44/wet/CC-MAIN-20200709002952-20200709032952-00156.warc.wet.gz
dog trainer,https://data.commoncrawl.org/crawl-data/CC-MAIN-2020-29/segments/1593655878639.9/wet/CC-MAIN-20200702080623-20200702110623-00426.warc.wet.gz
spandau,https://data.commoncrawl.org/crawl-data/CC-MAIN-2020-29/segments/1593655897027.14/wet/CC-MAIN-20200708124912-20200708154912-00393.warc.wet.gz
orange toddler,https://data.commoncrawl.org/crawl-data/CC-MAIN-2020-29/segments/1593655890566.2/wet/CC-MAIN-20200706222442-20200707012442-00163.warc.wet.gz
buic,https://data.commoncrawl.org/crawl-data/CC-MAIN-2020-29/segments/1593655882634.5/wet/CC-MAIN-20200703153451-20200703183451-00545.warc.wet.gz
dog trainer,https://data.commoncrawl.org/crawl-data/CC-MAIN-2020-29/segments/1593655878639.9/wet/CC-MAIN-20200702080623-20200702110623-00069.warc.wet.gz
prosciutto,https://data.commoncrawl.org/crawl-data/CC-MAIN-2020-29/segments/1593655899209.48/wet/CC-MAIN-20200709065456-20200709095456-00201.warc.wet.gz
dog trainer,https://data.commoncrawl.org/crawl-data/CC-MAIN-2020-29/segments/1593655878639.9/wet/CC-MAIN-20200702080623-20200702110623-00050.warc.wet.gz
glonass,https://data.commoncrawl.org/crawl-data/CC-MAIN-2020-29/segments/1593655899209.48/wet/CC-MAIN-20200709065456-20200709095456-00016.warc.wet.gz
penske,https://data.commoncrawl.org/crawl-data/CC-MAIN-2020-29/segments/1593655933254.67/wet/CC-MAIN-20200711130351-20200711160351-00348.warc.wet.gz
about smart,https://data.commoncrawl.org/crawl-data/CC-MAIN-2020-29/segments/1593655893487.8/wet/CC-MAIN-20200707142557-20200707172557-00017.warc.wet.gz
prosciutto,https://data.commoncrawl.org/crawl-data/CC-MAIN-2020-29/segments/1593657163613.94/wet/CC-MAIN-20200715070409-20200715100409-00027.warc.wet.gz
dog trainer,https://data.commoncrawl.org/crawl-data/CC-MAIN-2020-29/segments/1593655878639.9/wet/CC-MAIN-20200702080623-20200702110623-00288.warc.wet.gz
bournville,https://data.commoncrawl.org/crawl-data/CC-MAIN-2020-29/segments/1593657169226.65/wet/CC-MAIN-20200716122414-20200716152414-00166.warc.wet.gz
saxon dog,https://data.commoncrawl.org/crawl-data/CC-MAIN-2020-29/segments/1593655886121.45/wet/CC-MAIN-20200704104352-20200704134352-00028.warc.wet.gz
dog trainer,https://data.commoncrawl.org/crawl-data/CC-MAIN-2020-29/segments/1593655878639.9/wet/CC-MAIN-20200702080623-20200702110623-00284.warc.wet.gz
tick tick,https://data.commoncrawl.org/crawl-data/CC-MAIN-2020-29/segments/1593655890181.37/wet/CC-MAIN-20200706191400-20200706221400-00384.warc.wet.gz
saxon dog,https://data.commoncrawl.org/crawl-data/CC-MAIN-2020-29/segments/1593655886121.45/wet/CC-MAIN-20200704104352-20200704134352-00406.warc.wet.gz
dog trainer,https://data.commoncrawl.org/crawl-data/CC-MAIN-2020-29/segments/1593655878639.9/wet/CC-MAIN-20200702080623-20200702110623-00461.warc.wet.gz
mehmud,https://data.commoncrawl.org/crawl-data/CC-MAIN-2020-29/segments/1593657134758.80/wet/CC-MAIN-20200712082512-20200712112512-00230.warc.wet.gz
wooden slab,https://data.commoncrawl.org/crawl-data/CC-MAIN-2020-29/segments/1593657134758.80/wet/CC-MAIN-20200712082512-20200712112512-00239.warc.wet.gz
mehmud,https://data.commoncrawl.org/crawl-data/CC-MAIN-2020-29/segments/1593657134758.80/wet/CC-MAIN-20200712082512-20200712112512-00472.warc.wet.gz
dog trainer,https://data.commoncrawl.org/crawl-data/CC-MAIN-2020-29/segments/1593655886802.13/wet/CC-MAIN-20200704232817-20200705022817-00440.warc.wet.gz
dog trainer,https://data.commoncrawl.org/crawl-data/CC-MAIN-2020-29/segments/1593655878639.9/wet/CC-MAIN-20200702080623-20200702110623-00552.warc.wet.gz
prosciutto,https://data.commoncrawl.org/crawl-data/CC-MAIN-2020-29/segments/1593655901509.58/wet/CC-MAIN-20200709193741-20200709223741-00422.warc.wet.gz
mehmud,https://data.commoncrawl.org/crawl-data/CC-MAIN-2020-29/segments/1593655896905.46/wet/CC-MAIN-20200708062424-20200708092424-00066.warc.wet.gz
glonass,https://data.commoncrawl.org/crawl-data/CC-MAIN-2020-29/segments/1593655886095.7/wet/CC-MAIN-20200704073244-20200704103244-00571.warc.wet.gz
spandau,https://data.commoncrawl.org/crawl-data/CC-MAIN-2020-29/segments/1593655897027.14/wet/CC-MAIN-20200708124912-20200708154912-00487.warc.wet.gz
saxon dog,https://data.commoncrawl.org/crawl-data/CC-MAIN-2020-29/segments/1593655886121.45/wet/CC-MAIN-20200704104352-20200704134352-00030.warc.wet.gz
