turdburglar,https://data.commoncrawl.org/crawl-data/CC-MAIN-2020-29/segments/1593655911896.73/wet/CC-MAIN-20200710175432-20200710205432-00527.warc.wet.gz
cissy,https://data.commoncrawl.org/crawl-data/CC-MAIN-2020-29/segments/1593655894904.17/wet/CC-MAIN-20200707173839-20200707203839-00585.warc.wet.gz
sassenach,https://data.commoncrawl.org/crawl-data/CC-MAIN-2020-29/segments/1593655883961.50/wet/CC-MAIN-20200704011041-20200704041041-00047.warc.wet.gz
kunta,https://data.commoncrawl.org/crawl-data/CC-MAIN-2020-29/segments/1593655902496.52/wet/CC-MAIN-20200710015901-20200710045901-00141.warc.wet.gz
zike,https://data.commoncrawl.org/crawl-data/CC-MAIN-2020-29/segments/1593655878753.12/wet/CC-MAIN-20200702111512-20200702141512-00312.warc.wet.gz
white power ranger,https://data.commoncrawl.org/crawl-data/CC-MAIN-2020-29/segments/1593657151197.83/wet/CC-MAIN-20200714181325-20200714211325-00272.warc.wet.gz
kunta,https://data.commoncrawl.org/crawl-data/CC-MAIN-2020-29/segments/1593657149819.59/wet/CC-MAIN-20200714083206-20200714113206-00191.warc.wet.gz
hearing aid,https://data.commoncrawl.org/crawl-data/CC-MAIN-2020-29/segments/1593655880243.25/wet/CC-MAIN-20200702205206-20200702235206-00506.warc.wet.gz
tojo,https://data.commoncrawl.org/crawl-data/CC-MAIN-2020-29/segments/1593655887046.62/wet/CC-MAIN-20200705055259-20200705085259-00072.warc.wet.gz
zike,https://data.commoncrawl.org/crawl-data/CC-MAIN-2020-29/segments/1593655878753.12/wet/CC-MAIN-20200702111512-20200702141512-00457.warc.wet.gz
hearing aid,https://data.commoncrawl.org/crawl-data/CC-MAIN-2020-29/segments/1593655881984.34/wet/CC-MAIN-20200703091148-20200703121148-00578.warc.wet.gz
blue eyed devil,https://data.commoncrawl.org/crawl-data/CC-MAIN-2020-29/segments/1593657138752.92/wet/CC-MAIN-20200712144738-20200712174738-00030.warc.wet.gz
half breed,https://data.commoncrawl.org/crawl-data/CC-MAIN-2020-29/segments/1593655900335.76/wet/CC-MAIN-20200709131554-20200709161554-00397.warc.wet.gz
hearing aid,https://data.commoncrawl.org/crawl-data/CC-MAIN-2020-29/segments/1593657167808.91/wet/CC-MAIN-20200715101742-20200715131742-00488.warc.wet.gz
devry,https://data.commoncrawl.org/crawl-data/CC-MAIN-2020-29/segments/1593655878519.27/wet/CC-MAIN-20200702045758-20200702075758-00492.warc.wet.gz
blue eyed devil,https://data.commoncrawl.org/crawl-data/CC-MAIN-2020-29/segments/1593655881763.20/wet/CC-MAIN-20200706160424-20200706190424-00593.warc.wet.gz
yocum,https://data.commoncrawl.org/crawl-data/CC-MAIN-2020-29/segments/1593655882051.19/wet/CC-MAIN-20200703122347-20200703152347-00249.warc.wet.gz
